
/*use BankAPP;
drop database if exists BankAPP;

CREATE DATABASE IF NOT EXISTS BankAPP;


USE BankAPP;*/

drop table if exists Customers;

CREATE TABLE Customers (
	UserID INTEGER NOT NULL,
    PIN INTEGER NOT NULL,
    UserName VARCHAR(15) NOT NULL,
    AccountNo INT,
    ContactNo BIGINT,
    Address VARCHAR(15) NOT NULL,
	PRIMARY KEY (UserID));


INSERT INTO Customers VALUES(1000,1111,'Krishnika','43100','9876454510','cdm');
INSERT INTO Customers VALUES(1001,2222,'Keerthana','43101','9876498510','sozh');
INSERT INTO Customers VALUES(1002,3333,'Avril','43102','9876454130','sozh');
INSERT INTO Customers VALUES(1003,4444,'Leira','43103','9877894510','tharam');
INSERT INTO Customers VALUES(1004,5555,'Arun','43104','9876446510','omk');
INSERT INTO Customers VALUES(1005,6666,'Mano','43105','9876454210','cdm');
INSERT INTO Customers VALUES(1006,7777,'Neena','43106','9876444510','cdm');
INSERT INTO Customers VALUES(1007,8888,'Emalthoss','43107','9864541510','sozh');
INSERT INTO Customers VALUES(1008,9999,'Puch','43108','9876454502','oris');
INSERT INTO Customers VALUES(1009,1010,'Rishi','43109','9876454559','vlr');
INSERT INTO Customers VALUES(1010,1101,'Harish','43110','9876457780','vlr');
INSERT INTO Customers VALUES(1011,1212,'Manny','43111','9876454510','cdm');
INSERT INTO Customers VALUES(1012,1313,'Akira','43112','9876454510','chen');


-- select * from Customers;

/*drop table if exists Bank;*/

CREATE TABLE Bank (
    UserID INT,
	TotAmount INT,
    AccountNo INT,
    LastUpDated DATETIME,
    AccOpened DATETIME,
    FOREIGN KEY (UserID) REFERENCES Customers(UserID));

INSERT INTO Bank VALUES(1000,80000,43100,'2020-05-12 00:00:00.000','2007-12-12 00:00:00.000');
INSERT INTO Bank VALUES(1001,0,43101,'2020-02-20 00:00:00.000','2010-04-12 00:00:00.000');
INSERT INTO Bank VALUES(1002,80500,43102,'2020-05-12 00:00:00.000','2012-05-17 00:00:00.000');
INSERT INTO Bank VALUES(1003,25000,43103,'2020-02-20 00:00:00.000','2020-03-24 00:00:00.000');
INSERT INTO Bank VALUES(1004,100000,43104,'2020-05-12 00:00:00.000','2019-05-12 00:00:00.000');
INSERT INTO Bank VALUES(1005,8000,43105,'2020-02-20 00:00:00.000','2020-05-12 00:00:00.000');
INSERT INTO Bank VALUES(1006,100,43106,'2020-05-12 00:00:00.000','2015-02-20 00:00:00.000');
INSERT INTO Bank VALUES(1007,1000,43107,'2020-02-20 00:00:00.000','2020-05-12 00:00:00.000');
INSERT INTO Bank VALUES(1008,50000,43108,'2020-05-12 00:00:00.000','2012-12-12 00:00:00.000');
INSERT INTO Bank VALUES(1009,13584,43109,'2020-02-20 00:00:00.000','2014-05-17 00:00:00.000');
INSERT INTO Bank VALUES(1010,756200,43110,'2020-05-12 00:00:00.000','2017-05-12 00:00:00.000');
INSERT INTO Bank VALUES(1011,89515,43111,'2020-02-20 00:00:00.000','2019-05-12 00:00:00.000');
INSERT INTO Bank VALUES(1012,89515,43112,'2020-02-20 00:00:00.000','2019-05-12 00:00:00.000');



-- select * from bank;

 /*USE BankAPP;*/
drop table if exists Trans;

CREATE TABLE Trans (
	TransID BIGINT auto_increment,
    CD TEXT,
    Amount INT,
    AccountNo INT,
    UserID INT,
    Dated DATE,
    PRIMARY KEY(TransID),
    FOREIGN KEY (UserID) REFERENCES Customers(UserID));

/*use BankAPP;*/
INSERT INTO Trans VALUES('10001','C',1000,43100,1000,'2019-05-12 00:00:00.000');
INSERT INTO Trans VALUES('10002','D',500,43100,1000,'2019-05-12 00:00:00.000');
INSERT INTO Trans VALUES('10003','C',500,43100,1000,'2019-05-12 00:00:00.000');
INSERT INTO Trans VALUES('10004','D',1000,43101,1001,'2019-05-12 00:00:00.000');
INSERT INTO Trans VALUES('10005','C',500,43102,1002,'2019-05-12 00:00:00.000');
INSERT INTO Trans VALUES('10006','D',2500,43102,1002,'2019-05-12 00:00:00.000');
INSERT INTO Trans VALUES('10007','C',1000,43103,1003,'2019-05-12 00:00:00.000');
INSERT INTO Trans VALUES('10008','C',900,43104,1004,'2019-05-12 00:00:00.000');
INSERT INTO Trans VALUES('10009','C',1000,43104,1004,'2019-05-12 00:00:00.000');
INSERT INTO Trans VALUES('10010','C',750,43104,1004,'2019-05-12 00:00:00.000');
INSERT INTO Trans VALUES('10011','D',1000,43105,1005,'2019-05-12 00:00:00.000');
INSERT INTO Trans VALUES('10012','C',520,43106,1006,'2019-05-12 00:00:00.000');
INSERT INTO Trans VALUES('10013','C',890,43106,1006,'2019-05-12 00:00:00.000');
INSERT INTO Trans VALUES('10014','C',7320,43106,1006,'2019-05-12 00:00:00.000');
INSERT INTO Trans VALUES('10015','C',1000,43107,1007,'2019-05-12 00:00:00.000');
INSERT INTO Trans VALUES('10016','D',5000,43108,1008,'2019-05-12 00:00:00.000');
INSERT INTO Trans VALUES('10017','C',4030,43109,1009,'2019-05-12 00:00:00.000');
INSERT INTO Trans VALUES('10018','D',1000,43110,1010,'2019-05-12 00:00:00.000');
INSERT INTO Trans VALUES('10019','C',1000,43111,1011,'2019-05-12 00:00:00.000');
INSERT INTO Trans VALUES('10020','C',6000,43111,1011,'2019-05-12 00:00:00.000');
INSERT INTO Trans VALUES('10021','D',1000,43111,1011,'2019-05-12 00:00:00.000');
INSERT INTO Trans VALUES('10022','D',1000,43112,1012,'2019-05-12 00:00:00.000');
